{
  "game_spec": {
    "version": "1.0",
    "name": "Magic-Book",
    "game_id": 2139,
    "quotas": {
      "base_game": 50290,
      "free_game_part_of_rate": 44050,
      "free_game_percentage": 6671
    },
    "stakes": {
      "eLINES": [10],
      "eBASIC": [10,20,30,40,60,100,200],
      "eENERGY": [20,40,60,80,120,200,400]
    },
    "win_plan": {
      "_comment": "TODO: will contain win-plan configurations + demo-combinations"
    },
    "play_cfg":{
      "extended_game_series_value": 90,
      "extended_game_series_value_maxi": 0,
      "trigger_win_to_free_sum": 0,
      "free_game_manual_start": 1,
      "free_game_sum_autostart_risc": 1,
      "quick_spin_enable": 1
    },
    "reels": {
      "symbol_enum": "eKing,eQueen,eAce,eTen,eBook,eSaid",
      "reel_set": [
        {
          "mode": "Base1",
          "stripes": [
            "eKing,eQueen,eAce,eSaid,eSaid,eBook,eBook,eAce",
            "eKing,eAce,eBook,eSaid,eBook,eBook,eSaid",
            "eKing,eQueen,eTen,eSaid",
            "eBook,eBook,eAce,eSaid,eSaid,eSaid,eQueen,eAce",
            "eBook,eBook,eAce,eSaid,eSaid,eSaid,eQueen,eTen"
          ],
          "window_sizes":[2,3,3,3,3],
          "check_sums":["0x152", "0x2", "0x3", "0x4", "0x5"]
        },
        {
          "mode": "Base2",
          "stripes": [
            "eKing,eQueen,eAce,eSaid,eSaid,eBook,eAce,eSaid,eSaid,eSaid,eBook,eSaid,eSaid,eSaid",
            "eSaid,eSaid,eBook,eBook,eTen,eAce,eSaid,eSaid,eSaid,eQueen,eTen,eSaid,eSaid,eSaid,eSaid",
            "eKing,eQueen,eSaid,eSaid,eSaid,eBook,eAce,eQueen,eQueen,eSaid,eSaid,eSaid,eQueen,eTen",
            "eBook,eSaid,eBook,eBook,eSaid,eBook,eBook,eSaid,eBook,eTen,eTen,eBook,eBook,eQueen,eQueen,eSaid",
            "eBook,eBook,eQueen,eQueen,eSaid,eSaid,eSaid,eQueen,eTen,eSaid,eSaid,eBook,eAce,eSaid"
          ],
          "window_sizes":[3,3,3,3,3],
          "check_sums":["0x1", "0x2", "0x3", "0x4", "0x5"]
        },
        {
          "mode": "Free1",
          "stripes": [
            "eKing,eQueen,eTen,eSaid,eSaid,eBook,eAce,eQueen,eTen,eSaid,eSaid,eBook,eBook,eAce,eSaid,eSaid,eSaid",
            "eBook,eBook,eAce,eSaid,eSaid,eSaid,eQueen,eTen,eBook,eBook,eAce,eSaid,eSaid,eSaid",
            "eKing,eQueen,eTen,eSaid,eSaid,eBook,eAce,eKing,eQueen,eTen,eSaid,eSaid,eBook,eKing,eQueen,eTen,eSaid",
            "eBook,eBook,eAce,eSaid,eSaid,eSaid,eQueen,eTen,eQueen,eTen,eSaid,eSaid,eBook,eAce",
            "eBook,eBook,eAce,eSaid,eSaid,eSaid,eQueen,eTen,eBook,eAce,eKing,eQueen,eTen"
          ],
          "window_sizes":[3,3,3,3,3],
          "check_sums":["0x1", "0x2", "0x3", "0x4", "0x5"]
        },
        {
          "mode": "Free2",
          "stripes": [
            "eKing,eQueen,eAce,eSaid,eSaid,eBook,eAce",
            "eBook,eBook,eTen,eAce,eSaid,eSaid,eSaid,eQueen,eTen",
            "eKing,eQueen,eSaid,eSaid,eSaid,eBook,eAce",
            "eBook,eBook,eSaid,eSaid,eSaid,eSaid,eQueen,eTen",
            "eBook,eBook,eQueen,eQueen,eSaid,eSaid,eSaid,eQueen,eTen"
          ],
          "window_sizes":[3,3,3,3,3],
          "check_sums":["0x1", "0x2", "0x3", "0x4", "0x5"]
        }
      ]
    }
  }
}
