{
	"game_spec": {
		"version": "24.01.2018 12:51:26",
		"name": "Mystic Force Maxiplay",
		"game_id": 2395,
		"quotas": {
			"base_game": 50290,
			"free_game_part_of_rate": 44050,
			"free_game_percentage": 6671
		},
		"stakes": {
			"eBASIC": [5,10,20,30,40,50,60,80,100,150,200],
			"eENERGY": [20,30,40,60,80,100,120,160,200,300,400]
		},
		"win_plan": {
			 "_comment": "TODO" 
		},
		"play_cfg": {
			"trigger_win_to_free_sum": 0,
			"free_game_manual_start": 1,
			"free_game_sum_autostart_risc": 1,
			"quick_spin_enable": 1,
			"extended_game_series_value": 90,
			"extended_game_series_value_maxi": 0
		},
		"reels": {
			"symbol_enum": "eKaro,eHerz,ePik,eKreuz,eKraeuter,ePilz,eVogel,eLuchs,eHirsch,eSatyr,eScatter,eDruide",
			"reel_set": [
				{
					"mode": "Basis_1",
					"stripes": [
						"ePik,ePik,eSatyr,ePik,ePik,ePik,eKraeuter,eKraeuter,eKraeuter,eKreuz,eKreuz,eScatter,eKreuz,eKreuz,ePilz,ePilz,ePilz,eKaro,eKaro,eKaro,eSatyr,eKaro,eKaro,eKaro,eVogel,eVogel,eHerz,eHerz,eVogel,eVogel,ePik,ePik,eScatter,ePik,ePik,ePik,eLuchs,eLuchs,eHerz,eHerz,eHirsch,eHirsch,eKreuz,eKreuz,eKreuz,ePilz,ePilz,eHerz,eHerz,eKraeuter,eKraeuter,eKaro,eKaro,eKaro,eLuchs,eLuchs,eHerz,eHerz,eHirsch,eHirsch",
						"eKreuz,eKreuz,eKreuz,ePilz,ePilz,eHerz,eHerz,eScatter,eHerz,eHerz,eLuchs,eLuchs,ePik,ePik,eScatter,ePik,ePik,ePilz,ePilz,eKaro,eKaro,eHirsch,eHirsch,eHerz,eHerz,eSatyr,eHerz,eHerz,ePilz,ePilz,ePik,ePik,eVogel,eVogel,eKreuz,eKreuz,eSatyr,eKreuz,eKreuz,eKreuz,eKraeuter,eKraeuter,eKraeuter,eKaro,eKaro,eScatter,eKaro,eKaro,eDruide,ePik,ePik,eKraeuter,eKraeuter,eKreuz,eKreuz,eVogel,eVogel,eKaro,eKaro,eLuchs,eLuchs",
						"eHerz,eHerz,eDruide,eKaro,eKaro,eKaro,eVogel,eVogel,eKreuz,eKreuz,eScatter,eKreuz,eKreuz,ePilz,ePilz,eKaro,eKaro,eKaro,eSatyr,eKreuz,eKreuz,eKreuz,eKraeuter,eKraeuter,eKraeuter,eHerz,eHerz,eScatter,eHerz,eHerz,eHerz,eLuchs,eLuchs,eKaro,eKaro,eKaro,ePilz,ePilz,ePilz,eKreuz,eKreuz,eVogel,eVogel,ePik,ePik,eSatyr,ePik,ePik,ePik,eHirsch,eHirsch,eHerz,eHerz,eLuchs,eLuchs,ePik,ePik,eScatter,ePik,ePik,eKraeuter,eKraeuter",
						"eKreuz,eKreuz,eDruide,ePik,ePik,eHirsch,eHirsch,eHerz,eHerz,ePilz,ePilz,ePilz,eKaro,eKaro,eScatter,eKaro,eKaro,eKaro,eVogel,eVogel,ePik,ePik,ePilz,ePilz,eKreuz,eKreuz,eSatyr,eKreuz,eKreuz,eLuchs,eLuchs,eHerz,eHerz,eHerz,eKraeuter,eKraeuter,ePik,ePik,eSatyr,ePik,ePik,eLuchs,eLuchs,eKreuz,eKreuz,eKreuz,eKraeuter,eKraeuter,eHerz,eHerz,eScatter,eHerz,eHerz,eKraeuter,eKraeuter,eKaro,eKaro,eKaro,eVogel,eVogel",
						"eHerz,eHerz,eSatyr,eHerz,eHerz,eVogel,eVogel,eKaro,eKaro,eScatter,eKaro,eKaro,ePilz,ePilz,ePilz,eKreuz,eKreuz,eScatter,eKreuz,eKreuz,eKreuz,eKraeuter,eKraeuter,eKraeuter,eKaro,eKaro,eKaro,eLuchs,eLuchs,ePik,ePik,eSatyr,ePik,ePik,eHirsch,eHirsch,eHerz,eHerz,ePilz,ePilz,eKreuz,eKreuz,eKreuz,eHirsch,eHirsch,ePik,ePik,ePik,eKraeuter,eKraeuter,eKraeuter,eKaro,eKaro,eVogel,eVogel,eHerz,eHerz,eHerz,eLuchs,eLuchs"
					],
					"window_sizes": [3,3,3,3,3],
					"check_sum": "01200-6E88-7642-7C47-6717-6F37"
				},
				{
					"mode": "Basis_2",
					"stripes": [
						"ePik,ePik,eSatyr,ePik,ePik,ePik,eKraeuter,eKraeuter,eKraeuter,eKreuz,eKreuz,eScatter,eKreuz,eKreuz,ePilz,ePilz,ePilz,eKaro,eKaro,eKaro,eSatyr,eKaro,eKaro,eKaro,eVogel,eVogel,eHerz,eHerz,eVogel,eVogel,ePik,ePik,eScatter,ePik,ePik,ePik,eLuchs,eLuchs,eHerz,eHerz,eHirsch,eHirsch,eKreuz,eKreuz,eKreuz,ePilz,ePilz,eHerz,eHerz,eKraeuter,eKraeuter,eKaro,eKaro,eScatter,eKaro,eKaro,eLuchs,eLuchs,eHerz,eHerz,eHirsch,eHirsch",
						"eKreuz,eKreuz,eKreuz,ePilz,ePilz,eHerz,eHerz,eScatter,eHerz,eHerz,eLuchs,eLuchs,ePik,ePik,eScatter,ePik,ePik,ePilz,ePilz,eKaro,eKaro,eHirsch,eHirsch,eHerz,eHerz,eSatyr,eHerz,eHerz,ePilz,ePilz,ePik,ePik,eVogel,eVogel,eKreuz,eKreuz,eSatyr,eKreuz,eKreuz,eKreuz,eKraeuter,eKraeuter,eKraeuter,eKaro,eKaro,eScatter,eKaro,eKaro,eDruide,ePik,ePik,eKraeuter,eKraeuter,eKreuz,eKreuz,eVogel,eVogel,eKaro,eKaro,eLuchs,eLuchs",
						"eHerz,eHerz,eDruide,eKaro,eKaro,eKaro,eVogel,eVogel,eKreuz,eKreuz,eScatter,eKreuz,eKreuz,ePilz,ePilz,eKaro,eKaro,eKaro,eSatyr,eKreuz,eKreuz,eKreuz,eKraeuter,eKraeuter,eKraeuter,eHerz,eHerz,eScatter,eHerz,eHerz,eHerz,eLuchs,eLuchs,eKaro,eKaro,eKaro,ePilz,ePilz,ePilz,eKreuz,eKreuz,eVogel,eVogel,ePik,ePik,eSatyr,ePik,ePik,ePik,eHirsch,eHirsch,eHerz,eHerz,eLuchs,eLuchs,ePik,ePik,eScatter,ePik,ePik,eKraeuter,eKraeuter",
						"eKreuz,eKreuz,eDruide,ePik,ePik,eHirsch,eHirsch,eHerz,eHerz,ePilz,ePilz,ePilz,eKaro,eKaro,eScatter,eKaro,eKaro,eKaro,eVogel,eVogel,ePik,ePik,ePilz,ePilz,eKreuz,eKreuz,eSatyr,eKreuz,eKreuz,eLuchs,eLuchs,eHerz,eHerz,eHerz,eKraeuter,eKraeuter,ePik,ePik,eSatyr,ePik,ePik,eLuchs,eLuchs,eKreuz,eKreuz,eKreuz,eKraeuter,eKraeuter,eHerz,eHerz,eScatter,eHerz,eHerz,eKraeuter,eKraeuter,eKaro,eKaro,eKaro,eVogel,eVogel",
						"eHerz,eHerz,eSatyr,eHerz,eHerz,eVogel,eVogel,eKaro,eKaro,eScatter,eKaro,eKaro,ePilz,ePilz,ePilz,eKreuz,eKreuz,eScatter,eKreuz,eKreuz,eKreuz,eKraeuter,eKraeuter,eKraeuter,eKaro,eKaro,eKaro,eLuchs,eLuchs,ePik,ePik,eSatyr,ePik,ePik,eHirsch,eHirsch,eHerz,eHerz,ePilz,ePilz,eKreuz,eKreuz,eKreuz,eHirsch,eHirsch,ePik,ePik,ePik,eKraeuter,eKraeuter,eKraeuter,eKaro,eKaro,eVogel,eVogel,eHerz,eHerz,eHerz,eLuchs,eLuchs"
					],
					"window_sizes": [3,3,3,3,3],
					"check_sum": "21200-7984-7642-7C47-6717-6F37"
				},
				{
					"mode": "Feature_1",
					"stripes": [
						"eHerz,eHerz,eHerz,eKraeuter,eKraeuter,eKraeuter,eKaro,eKaro,eKaro,eVogel,eVogel,eKaro,eKaro,eLuchs,eLuchs,ePik,ePik,eSatyr,eKreuz,eKreuz,eVogel,eVogel,eKreuz,eKreuz,eHirsch,eHirsch,eHerz,eHerz,eHerz,ePilz,ePilz,ePilz,eHerz,eHerz,eHerz,eLuchs,eLuchs,eKaro,eKaro,eSatyr,eKreuz,eKreuz,eKaro,eKaro,eScatter,ePik,ePik,eHirsch,eHirsch,eKreuz,eKreuz,eKreuz,eKraeuter,eKraeuter,ePik,ePik,ePilz,ePilz,ePik,ePik,ePik",
						"eVogel,eVogel,ePik,ePik,ePilz,ePilz,eHerz,eHerz,eLuchs,eLuchs,eKreuz,eKreuz,eDruide,eKreuz,eKreuz,eKraeuter,eKraeuter,ePik,ePik,eScatter,ePik,ePik,eLuchs,eLuchs,eKaro,eKaro,eKaro,eSatyr,eKaro,eKaro,eVogel,eVogel,eHerz,eHerz,eHirsch,eHirsch,eKaro,eKaro,eKraeuter,eKraeuter,eKraeuter,eKreuz,eKreuz,eKreuz,eDruide,eHerz,eHerz,ePilz,ePilz,eKaro,eKaro,eVogel,eVogel,ePik,ePik,eSatyr,ePik,ePik,ePilz,ePilz,eHerz,eHerz,eScatter,eKreuz,eKreuz,eKreuz,eLuchs,eLuchs,eHerz,eHerz",
						"ePilz,ePilz,eKreuz,eKreuz,eKreuz,eDruide,eHerz,eHerz,eVogel,eVogel,ePik,ePik,eKraeuter,eKraeuter,eHerz,eHerz,eHerz,eScatter,ePik,ePik,eKraeuter,eKraeuter,eKaro,eKaro,eKaro,eSatyr,eHerz,eHerz,eLuchs,eLuchs,eKreuz,eKreuz,eKreuz,eHirsch,eHirsch,eKreuz,eKreuz,eDruide,eKaro,eKaro,eKaro,eVogel,eVogel,eVogel,ePik,ePik,eSatyr,eHerz,eHerz,eHerz,ePilz,ePilz,eKreuz,eKreuz,eKreuz,ePilz,ePilz,eKaro,eKaro,eLuchs,eLuchs,ePik,ePik,ePik",
						"eKraeuter,eKraeuter,eKreuz,eKreuz,eDruide,eKreuz,eKreuz,eLuchs,eLuchs,eKaro,eKaro,ePilz,ePilz,eHerz,eHerz,eScatter,eHerz,eHerz,eLuchs,eLuchs,eKreuz,eKreuz,eHirsch,eHirsch,ePik,ePik,eVogel,eVogel,eVogel,ePik,ePik,ePik,eDruide,eKaro,eKaro,eKaro,eKraeuter,eKraeuter,eHerz,eHerz,eSatyr,eHerz,eHerz,eVogel,eVogel,eKreuz,eKreuz,ePilz,ePilz,ePilz,eKaro,eKaro,eKaro,eSatyr,ePik,ePik,ePik,eLuchs,eLuchs,ePik,ePik,eHirsch,eHirsch,eKaro,eKaro,eKaro,eKraeuter,eKraeuter,eKreuz,eKreuz",
						"eHerz,eHerz,eSatyr,eKreuz,eKreuz,ePilz,ePilz,eHerz,eHerz,eScatter,eKreuz,eKreuz,eKraeuter,eKraeuter,eKreuz,eKreuz,eLuchs,eLuchs,eHerz,eHerz,eKraeuter,eKraeuter,ePik,ePik,ePik,ePilz,ePilz,eKaro,eKaro,eKaro,eSatyr,eKaro,eKaro,eKraeuter,eKraeuter,eKreuz,eKreuz,eVogel,eVogel,eKaro,eKaro,eLuchs,eLuchs,ePik,ePik,ePik,eHirsch,eHirsch,ePik,ePik,ePilz,ePilz,eKaro,eKaro,eKaro,eVogel,eVogel,eHerz,eHerz,eHerz,eHirsch,eHirsch"
					],
					"window_sizes": [3,3,3,3,3],
					"check_sum": "10402-6FB6-9CF4-7A9A-9459-70FC"
				},
				{
					"mode": "Feature_2",
					"stripes": [
						"ePilz,ePilz,eHerz,eHerz,ePilz,ePilz,eKaro,eKaro,eVogel,eVogel,eKaro,eKaro,eLuchs,eLuchs,ePik,ePik,eKaro,eKaro,eSatyr,eKreuz,eKreuz,eVogel,eVogel,eKreuz,eKreuz,eHirsch,eHirsch,eHerz,eHerz,eHerz,ePilz,ePilz,ePik,ePik,ePilz,ePilz,eHerz,eHerz,eHerz,eLuchs,eLuchs,eKaro,eKaro,eSatyr,eKaro,eKaro,eScatter,ePik,ePik,eHirsch,eHirsch,eKreuz,eKreuz,ePilz,ePilz,eKreuz,eKreuz,ePilz,ePilz,ePik,ePik,ePilz,ePilz,ePik,ePik",
						"ePilz,ePilz,eHerz,eHerz,ePilz,ePilz,ePik,ePik,eHerz,eHerz,eDruide,eHerz,eHerz,eLuchs,eLuchs,eKaro,eKaro,eKreuz,eKreuz,eKreuz,ePilz,ePilz,eKaro,eKaro,eScatter,ePik,ePik,ePik,eLuchs,eLuchs,eKaro,eKaro,eKaro,eSatyr,ePik,ePik,eVogel,eVogel,eHerz,eHerz,eHirsch,eHirsch,eKaro,eKaro,ePilz,ePilz,eKreuz,eKreuz,ePilz,ePilz,eKreuz,eKreuz,eDruide,eHerz,eHerz,ePilz,ePilz,eKaro,eKaro,eVogel,eVogel,eVogel,ePik,ePik,ePik,eSatyr,ePik,ePik,ePilz,ePilz,eHerz,eHerz,eKreuz,eKreuz,eLuchs,eLuchs",
						"ePilz,ePilz,eHerz,eHerz,eDruide,eHerz,eHerz,eVogel,eVogel,ePik,ePik,ePilz,ePilz,eKreuz,eKreuz,eKreuz,ePilz,ePilz,ePik,ePik,ePik,eScatter,ePik,ePik,ePilz,ePilz,eKaro,eKaro,eKaro,eSatyr,eHerz,eHerz,eLuchs,eLuchs,eKreuz,eKreuz,eKreuz,eScatter,eKaro,eKaro,eHirsch,eHirsch,eKreuz,eKreuz,eKaro,eKaro,eKaro,eVogel,eVogel,eHerz,eHerz,eVogel,eVogel,ePik,ePik,eSatyr,eHerz,eHerz,ePik,ePik,ePik,ePilz,ePilz,ePilz,eKreuz,eKreuz,eDruide,eKaro,eKaro,eLuchs,eLuchs,eHerz,eHerz,ePilz,ePilz,eKaro,eKaro",
						"eKreuz,eKreuz,ePilz,ePilz,eKreuz,eKreuz,eKreuz,eDruide,eKreuz,eKreuz,eLuchs,eLuchs,eLuchs,eKaro,eKaro,ePilz,ePilz,eHerz,eHerz,ePilz,ePilz,eHerz,eHerz,eScatter,eHerz,eHerz,eHirsch,eHirsch,ePik,ePik,eKreuz,eKreuz,eVogel,eVogel,ePik,ePik,eKaro,eKaro,ePilz,ePilz,eHerz,eHerz,eSatyr,eHerz,eHerz,eVogel,eVogel,eKreuz,eKreuz,eKreuz,ePilz,ePilz,ePilz,eKaro,eKaro,eKaro,eSatyr,ePik,ePik,ePik,eLuchs,eLuchs,eLuchs,ePik,ePik,eHirsch,eHirsch,eKaro,eKaro,eKaro,ePilz,ePilz",
						"eHerz,eHerz,eHerz,eSatyr,eHerz,eHerz,ePilz,ePilz,eKreuz,eKreuz,ePilz,ePilz,ePilz,eKreuz,eKreuz,eScatter,eKreuz,eKreuz,eKreuz,eLuchs,eLuchs,eHerz,eHerz,ePilz,ePilz,ePilz,ePik,ePik,ePik,ePilz,ePilz,eKaro,eKaro,eKaro,eSatyr,eKaro,eKaro,ePilz,ePilz,eKreuz,eKreuz,eVogel,eVogel,ePik,ePik,eLuchs,eLuchs,ePik,ePik,ePik,eHirsch,eHirsch,eKaro,eKaro,ePilz,ePilz,eKaro,eKaro,eVogel,eVogel,eHerz,eHerz,eHerz,eHirsch,eHirsch"
					],
					"window_sizes": [3,3,3,3,3],
					"check_sum": "56725-85A3-BDB0-B34A-A295-8384"
				},
				{
					"mode": "Feature_3",
					"stripes": [
						"eHerz,eHerz,eHerz,eVogel,eVogel,eKaro,eKaro,eKaro,eVogel,eVogel,eVogel,eKaro,eKaro,eLuchs,eLuchs,ePik,ePik,eSatyr,eKreuz,eKreuz,eVogel,eVogel,eKreuz,eKreuz,eKreuz,eHirsch,eHirsch,eHerz,eHerz,eVogel,eVogel,eVogel,eHerz,eHerz,eHerz,eVogel,eVogel,eHerz,eLuchs,eLuchs,eKaro,eKaro,eSatyr,eKaro,eKaro,eScatter,ePik,ePik,eHirsch,eHirsch,eKreuz,eKreuz,eKreuz,eVogel,eVogel,eVogel,ePik,ePik,eVogel,eVogel,ePik,ePik,ePik",
						"eKaro,eKaro,eVogel,eVogel,eHerz,eHerz,eHerz,eLuchs,eLuchs,eKreuz,eKreuz,eScatter,eKreuz,eKreuz,eVogel,eVogel,ePik,ePik,eScatter,ePik,ePik,eLuchs,eLuchs,eKaro,eKaro,eKaro,eSatyr,eKaro,eKaro,eVogel,eVogel,ePik,ePik,ePik,eVogel,eVogel,eHerz,eHerz,eHerz,eHirsch,eHirsch,eKaro,eKaro,eVogel,eVogel,eKreuz,eKreuz,eKreuz,eKreuz,eDruide,eHerz,eHerz,eHerz,eVogel,eVogel,eKaro,eKaro,eVogel,eVogel,ePik,ePik,ePik,eSatyr,ePik,ePik,eVogel,eVogel,eHerz,eHerz,eHerz,eDruide,eKreuz,eKreuz,eKreuz,eLuchs,eLuchs",
						"eVogel,eVogel,eKaro,eKaro,eVogel,eVogel,eHerz,eHerz,eDruide,eHerz,eHerz,eHerz,eVogel,eVogel,ePik,ePik,eVogel,eVogel,eKreuz,eKreuz,eVogel,eVogel,eKreuz,eKreuz,ePik,ePik,eVogel,eVogel,eKaro,eKaro,eScatter,eKaro,eKaro,eSatyr,eHerz,eHerz,eLuchs,eLuchs,eKreuz,eKreuz,eHirsch,eHirsch,eHerz,eHerz,eKreuz,eKreuz,eVogel,eVogel,eKaro,eKaro,eKaro,eVogel,eVogel,ePik,ePik,eSatyr,ePik,ePik,eVogel,eVogel,eKreuz,eKreuz,eKreuz,eVogel,eVogel,eKaro,eKaro,eLuchs,eLuchs,eHerz,eHerz,eHerz",
						"eVogel,eVogel,eKreuz,eKreuz,eKreuz,eVogel,eVogel,eKreuz,eKreuz,eLuchs,eLuchs,eLuchs,eKaro,eKaro,eVogel,eVogel,eHerz,eHerz,eHerz,eScatter,eHerz,eHerz,eHirsch,eHirsch,ePik,ePik,eVogel,eVogel,eKreuz,eKreuz,eKreuz,eVogel,eVogel,ePik,ePik,ePik,eDruide,eKaro,eKaro,eKaro,eVogel,eVogel,eHerz,eSatyr,eHerz,eHerz,eVogel,eVogel,eKreuz,eKreuz,eKreuz,eVogel,eVogel,eVogel,eKaro,eKaro,eKaro,eSatyr,ePik,ePik,ePik,eLuchs,eLuchs,eLuchs,ePik,ePik,ePik,eHirsch,eHirsch,eKaro,eKaro,eKaro,eVogel,eVogel",
						"eVogel,eVogel,eVogel,eHerz,eHerz,eSatyr,eHerz,eHerz,eVogel,eVogel,eKreuz,eKreuz,eScatter,eKreuz,eKreuz,eLuchs,eLuchs,eHerz,eHerz,eVogel,eVogel,eVogel,ePik,ePik,ePik,eVogel,eVogel,eKaro,eKaro,eKaro,eSatyr,eKaro,eKaro,eVogel,eVogel,eVogel,eKreuz,eKreuz,eVogel,eVogel,ePik,ePik,eLuchs,eLuchs,ePik,ePik,ePik,eHirsch,eHirsch,eKaro,eKaro,eVogel,eVogel,eKaro,eKaro,eVogel,eVogel,eHerz,eHerz,eHerz,eHirsch,eHirsch,eKreuz,eKreuz"
					],
					"window_sizes": [3,3,3,3,3],
					"check_sum": "36244-85B2-C399-A250-B732-8409"
				},
				{
					"mode": "Feature_4",
					"stripes": [
						"eLuchs,eLuchs,eHerz,eHerz,eLuchs,eLuchs,eLuchs,eKaro,eKaro,eKaro,eLuchs,eLuchs,eKaro,eKaro,eLuchs,eLuchs,ePik,ePik,eSatyr,eKreuz,eKreuz,eLuchs,eLuchs,eKreuz,eKreuz,eHirsch,eHirsch,eHerz,eHerz,eHerz,eLuchs,eLuchs,eLuchs,eHerz,eHerz,eHerz,eLuchs,eLuchs,eKaro,eKaro,eSatyr,eKaro,eKaro,eScatter,ePik,ePik,eHirsch,eHirsch,eKreuz,eKreuz,eKreuz,eLuchs,eLuchs,eLuchs,ePik,ePik,eLuchs,eLuchs,ePik,ePik,ePik",
						"eLuchs,eLuchs,eHerz,eHerz,eHerz,eLuchs,eLuchs,eKreuz,eKreuz,eKreuz,eDruide,eKreuz,eKreuz,eLuchs,eLuchs,ePik,ePik,eScatter,ePik,ePik,ePik,eLuchs,eLuchs,eKaro,eKaro,eKaro,eSatyr,eKaro,eKaro,eLuchs,eLuchs,eHerz,eHerz,eHerz,eLuchs,eLuchs,eHerz,eHerz,eHerz,eHirsch,eHirsch,eKaro,eKaro,eKaro,eLuchs,eLuchs,eKreuz,eKreuz,eKreuz,eHerz,eHerz,eLuchs,eLuchs,eKaro,eKaro,eLuchs,eLuchs,eLuchs,ePik,ePik,eSatyr,ePik,ePik,ePik,eLuchs,eLuchs,eHerz,eHerz,eKreuz,eKreuz,eKreuz,eLuchs,eLuchs",
						"eKaro,eKaro,eLuchs,eLuchs,eHerz,eHerz,eDruide,eHerz,eHerz,eLuchs,eLuchs,eHerz,eHerz,eLuchs,eLuchs,ePik,ePik,ePik,eLuchs,eLuchs,eKreuz,eKreuz,eKreuz,eScatter,ePik,ePik,eLuchs,eLuchs,eLuchs,eKaro,eKaro,eKaro,eSatyr,eHerz,eHerz,eLuchs,eLuchs,eKreuz,eKreuz,eKreuz,eScatter,eHirsch,eHirsch,eKreuz,eKreuz,eLuchs,eLuchs,eKaro,eKaro,eKaro,eLuchs,eLuchs,eLuchs,ePik,ePik,eSatyr,ePik,ePik,ePik,eLuchs,eLuchs,eLuchs,eKreuz,eKreuz,eKreuz,eDruide,eKaro,eKaro,eLuchs,eLuchs,eHerz,eHerz",
						"eLuchs,eLuchs,eKreuz,eKreuz,eKreuz,eLuchs,eLuchs,eKreuz,eKreuz,eLuchs,eLuchs,eLuchs,eKaro,eKaro,eLuchs,eLuchs,eHerz,eHerz,eHerz,eScatter,eHerz,eHerz,eHirsch,eHirsch,ePik,ePik,eLuchs,eLuchs,ePik,ePik,ePik,eDruide,eKaro,eKaro,eKaro,eLuchs,eLuchs,eHerz,eSatyr,eHerz,eHerz,eLuchs,eLuchs,eKreuz,eKreuz,eLuchs,eLuchs,eKreuz,eKreuz,eKreuz,eKreuz,eLuchs,eLuchs,eLuchs,eKaro,eKaro,eKaro,eSatyr,ePik,ePik,ePik,eLuchs,eLuchs,eLuchs,ePik,ePik,ePik,eHirsch,eHirsch,eKaro,eKaro,eKaro,eLuchs,eLuchs",
						"eLuchs,eLuchs,eLuchs,eHerz,eHerz,eSatyr,eHerz,eHerz,eLuchs,eLuchs,eKreuz,eKreuz,eKreuz,eScatter,eKreuz,eKreuz,eLuchs,eLuchs,eHerz,eHerz,eLuchs,eLuchs,eLuchs,ePik,ePik,ePik,eLuchs,eLuchs,eKaro,eKaro,eKaro,eSatyr,eKaro,eKaro,eLuchs,eLuchs,eLuchs,eKreuz,eKreuz,eKreuz,eLuchs,eLuchs,ePik,ePik,eLuchs,eLuchs,ePik,ePik,ePik,eHirsch,eHirsch,eKaro,eKaro,eLuchs,eLuchs,eKaro,eKaro,eLuchs,eLuchs,eHerz,eHerz,eHerz,eHirsch,eHirsch"
					],
					"window_sizes": [3,3,3,3,3],
					"check_sum": "13244-825D-B1AB-BEE0-C348-8E87"
				},
				{
					"mode": "Feature_5",
					"stripes": [
						"eHirsch,eHirsch,eHerz,eHerz,eHirsch,eHirsch,eHirsch,eKaro,eKaro,eKaro,eHirsch,eHirsch,eKaro,eKaro,eHirsch,eHirsch,ePik,ePik,eSatyr,eKreuz,eKreuz,eHirsch,eHirsch,eKreuz,eKreuz,eHirsch,eHirsch,eHerz,eHerz,eHerz,eHirsch,eHirsch,eHirsch,eHerz,eHerz,eHerz,eHirsch,eHirsch,eKaro,eKaro,eSatyr,eKaro,eKaro,eScatter,ePik,ePik,eHirsch,eHirsch,eKreuz,eKreuz,eKreuz,eHirsch,eHirsch,eHirsch,ePik,ePik,eHirsch,eHirsch,ePik,ePik,ePik",
						"eHirsch,eHirsch,eHerz,eHerz,eHerz,eHirsch,eHirsch,eKreuz,eKreuz,eHirsch,eHirsch,eKreuz,eKreuz,eHirsch,eHirsch,ePik,ePik,eScatter,ePik,ePik,eHirsch,eHirsch,eKaro,eKaro,eKaro,eKaro,eSatyr,eKaro,eKaro,eHirsch,eHirsch,eHerz,eHerz,eHerz,eHirsch,eHirsch,eKaro,eKaro,eKaro,eHirsch,eHirsch,eKreuz,eKreuz,eHirsch,eHirsch,eKreuz,eKreuz,eDruide,eHerz,eHerz,eHerz,eHirsch,eHirsch,eKaro,eKaro,eHirsch,eHirsch,ePik,ePik,ePik,eSatyr,ePik,ePik,eHirsch,eHirsch,eHerz,eHerz,eHerz,eHerz,eHirsch,eHirsch,eKreuz,eKreuz,eKreuz,eHirsch,eHirsch,ePik,ePik",
						"eKaro,eKaro,eHirsch,eHirsch,eHerz,eHerz,eHerz,eHerz,eHerz,eHirsch,eHirsch,ePik,ePik,eHirsch,eHirsch,eKreuz,eKreuz,eKreuz,eScatter,ePik,ePik,eHirsch,eHirsch,eKaro,eKaro,eKaro,eSatyr,eHerz,eHerz,eHirsch,eHirsch,eKreuz,eKreuz,eHirsch,eHirsch,eKreuz,eKreuz,eHirsch,eHirsch,eKaro,eKaro,eHirsch,eHirsch,eHirsch,ePik,ePik,ePik,eSatyr,ePik,ePik,ePik,eHirsch,eHirsch,eHirsch,eKreuz,eKreuz,eKreuz,eHirsch,eHirsch,eKaro,eKaro,eDruide,eKaro,eKaro,eHirsch,eHirsch,eHerz,eHerz,eHerz",
						"eHirsch,eHirsch,eKreuz,eKreuz,eKreuz,eDruide,eKreuz,eKreuz,eHirsch,eHirsch,eKaro,eKaro,eHirsch,eHirsch,eHerz,eHerz,eHerz,eScatter,eHerz,eHerz,eHirsch,eHirsch,ePik,ePik,ePik,eHirsch,eHirsch,eHirsch,ePik,ePik,ePik,eHirsch,eHirsch,eKaro,eKaro,eKaro,eHirsch,eHirsch,eHerz,eSatyr,eHerz,eHerz,eHirsch,eHirsch,eKreuz,eKreuz,eKreuz,eHirsch,eHirsch,eKreuz,eKreuz,eKreuz,eHirsch,eHirsch,eKaro,eKaro,eKaro,eSatyr,ePik,ePik,ePik,eHirsch,eHirsch,ePik,ePik,eHirsch,eHirsch,eKaro,eKaro,eKaro,eHirsch,eHirsch",
						"eHirsch,eHirsch,eHerz,eHerz,eSatyr,eHerz,eHerz,eHirsch,eHirsch,eKreuz,eKreuz,eKreuz,eScatter,eKreuz,eKreuz,eHirsch,eHirsch,eHerz,eHerz,eHirsch,eHirsch,eHirsch,ePik,ePik,ePik,eHirsch,eHirsch,eKaro,eKaro,eKaro,eSatyr,eKaro,eKaro,eHirsch,eHirsch,eHirsch,eKreuz,eKreuz,eKreuz,eHirsch,eHirsch,ePik,ePik,eHirsch,eHirsch,ePik,ePik,ePik,eHirsch,eHirsch,eKaro,eKaro,eHirsch,eHirsch,eKaro,eKaro,eHirsch,eHirsch,eHerz,eHerz,eHerz,eHirsch,eHirsch"
					],
					"window_sizes": [3,3,3,3,3],
					"check_sum": "18923-8B97-E149-AFEF-C200-94B9"
				},
				{
					"mode": "Feature_6",
					"stripes": [
						"eHerz,eHerz,eHerz,eSatyr,eSatyr,eKaro,eKaro,eKaro,eSatyr,eSatyr,eKaro,eKaro,ePik,ePik,eKreuz,eKreuz,eKreuz,eSatyr,eSatyr,eKreuz,eKreuz,eKreuz,eSatyr,eSatyr,eHerz,eHerz,eHerz,eSatyr,eSatyr,eHerz,eHerz,eHerz,eSatyr,eSatyr,eKaro,eKaro,eSatyr,eSatyr,eKaro,eKaro,eScatter,ePik,ePik,eSatyr,eSatyr,eKreuz,eKreuz,eKreuz,eSatyr,eSatyr,ePik,ePik,eSatyr,eSatyr,ePik,ePik,ePik",
						"eSatyr,eSatyr,eHerz,eHerz,eHerz,eKreuz,eKreuz,eSatyr,eSatyr,ePik,ePik,ePik,eKreuz,eKreuz,eSatyr,eSatyr,ePik,ePik,eScatter,ePik,ePik,eKaro,eKaro,eKaro,eKaro,eKaro,eSatyr,eSatyr,eHerz,eHerz,eHerz,eSatyr,eSatyr,eKreuz,eKreuz,eKreuz,eHerz,eHerz,eSatyr,eSatyr,eHerz,eHerz,eSatyr,eSatyr,eKaro,eKaro,eKaro,eSatyr,eSatyr,ePik,ePik,ePik,eSatyr,eSatyr,ePik,ePik,eSatyr,eSatyr,eHerz,eHerz,eHerz,eHerz,eDruide,eKreuz,eKreuz,eKreuz,eKreuz,eSatyr,eSatyr",
						"eSatyr,eSatyr,eHerz,eHerz,eHerz,eKaro,eKaro,eSatyr,eSatyr,eHerz,eHerz,ePik,ePik,eSatyr,eSatyr,eKreuz,eKreuz,eKreuz,eScatter,ePik,ePik,eSatyr,eSatyr,eKaro,eKaro,eKaro,eHerz,eHerz,eSatyr,eSatyr,eKreuz,eKreuz,eSatyr,eSatyr,eKreuz,eKreuz,ePik,ePik,eKaro,eKaro,eKaro,eSatyr,eSatyr,eHerz,ePik,ePik,eSatyr,eSatyr,ePik,ePik,ePik,eSatyr,eSatyr,eKreuz,eKreuz,eKreuz,eKreuz,eDruide,eKaro,eKaro,eHerz,eHerz,eHerz",
						"eSatyr,eSatyr,eKreuz,eKreuz,eKreuz,eSatyr,eSatyr,eKreuz,eKreuz,eKreuz,eSatyr,eSatyr,eKaro,eKaro,eKaro,eSatyr,eSatyr,eHerz,eHerz,eHerz,eScatter,eHerz,eHerz,ePik,ePik,eSatyr,eSatyr,ePik,ePik,ePik,ePik,eDruide,eKaro,eKaro,eKaro,eSatyr,eSatyr,eHerz,eHerz,eHerz,eSatyr,eSatyr,eKreuz,eKreuz,eKreuz,eSatyr,eSatyr,eKreuz,eKreuz,eKreuz,eSatyr,eSatyr,eKaro,eKaro,eKaro,ePik,ePik,ePik,eSatyr,eSatyr,ePik,ePik,eSatyr,eSatyr,eKaro,eKaro,eKaro,eSatyr",
						"eHerz,eHerz,eSatyr,eSatyr,eHerz,eHerz,eKreuz,eKreuz,eKreuz,eScatter,eKreuz,eKreuz,eHerz,eHerz,eSatyr,eSatyr,ePik,ePik,ePik,eSatyr,eSatyr,eKaro,eKaro,eKaro,eSatyr,eKaro,eKaro,eSatyr,eSatyr,eKreuz,eKreuz,eKreuz,eSatyr,eSatyr,ePik,ePik,eSatyr,eSatyr,ePik,ePik,ePik,ePik,eSatyr,eSatyr,eKaro,eKaro,eKaro,eKaro,eHerz,eHerz,eHerz,eSatyr,eSatyr"
					],
					"window_sizes": [3,3,3,3,3],
					"check_sum": "79383-7B8F-B5AB-7E4E-A5ED-5AB5"
				},
				{
					"mode": "Basis_1_MP",
					"stripes": [
						"ePik,ePik,eSatyr,ePik,ePik,ePik,eKraeuter,eKraeuter,eKraeuter,eKreuz,eKreuz,eScatter,eKreuz,eKreuz,ePilz,ePilz,ePilz,eKaro,eKaro,eKaro,eSatyr,eKaro,eKaro,eKaro,eVogel,eVogel,eHerz,eHerz,eVogel,eVogel,ePik,ePik,eScatter,ePik,ePik,ePik,eLuchs,eLuchs,eHerz,eHerz,eHirsch,eHirsch,eKreuz,eKreuz,eKreuz,ePilz,ePilz,eHerz,eHerz,eKraeuter,eKraeuter,eKaro,eKaro,eKaro,eSatyr,eLuchs,eLuchs,eHerz,eHerz,eHirsch,eHirsch",
						"eKreuz,eKreuz,eKreuz,ePilz,ePilz,eHerz,eHerz,eScatter,eHerz,eHerz,eLuchs,eLuchs,ePik,ePik,eScatter,ePik,ePik,ePilz,ePilz,eKaro,eKaro,eHirsch,eHirsch,eHerz,eHerz,eSatyr,eHerz,eHerz,ePilz,ePilz,ePik,ePik,eVogel,eVogel,eKreuz,eKreuz,eSatyr,eKreuz,eKreuz,eKreuz,eKraeuter,eKraeuter,eKraeuter,eKaro,eKaro,eScatter,eKaro,eKaro,eDruide,ePik,ePik,eKraeuter,eKraeuter,eKreuz,eKreuz,eVogel,eVogel,eKaro,eKaro,eLuchs,eLuchs",
						"eHerz,eHerz,eDruide,eKaro,eKaro,eKaro,eVogel,eVogel,eKreuz,eKreuz,eScatter,eKreuz,eKreuz,ePilz,ePilz,eKaro,eKaro,eKaro,eSatyr,eKreuz,eKreuz,eKreuz,eKraeuter,eKraeuter,eKraeuter,eHerz,eHerz,eScatter,eHerz,eHerz,eHerz,eLuchs,eLuchs,eKaro,eKaro,eKaro,ePilz,ePilz,ePilz,eKreuz,eKreuz,eVogel,eVogel,ePik,ePik,eSatyr,ePik,ePik,ePik,eHirsch,eHirsch,eHerz,eHerz,eLuchs,eLuchs,ePik,ePik,eScatter,ePik,ePik,eKraeuter,eKraeuter",
						"eKreuz,eKreuz,eDruide,ePik,ePik,eHirsch,eHirsch,eHerz,eHerz,ePilz,ePilz,ePilz,eKaro,eKaro,eScatter,eKaro,eKaro,eKaro,eVogel,eVogel,ePik,ePik,ePilz,ePilz,eKreuz,eKreuz,eSatyr,eKreuz,eKreuz,eLuchs,eLuchs,eHerz,eHerz,eHerz,eKraeuter,eKraeuter,ePik,ePik,eSatyr,ePik,ePik,eLuchs,eLuchs,eKreuz,eKreuz,eKreuz,eKraeuter,eKraeuter,eHerz,eHerz,eScatter,eHerz,eHerz,eKraeuter,eKraeuter,eKaro,eKaro,eKaro,eVogel,eVogel",
						"eHerz,eHerz,eSatyr,eHerz,eHerz,eVogel,eVogel,eKaro,eKaro,eScatter,eKaro,eKaro,ePilz,ePilz,ePilz,eKreuz,eKreuz,eScatter,eKreuz,eKreuz,eKreuz,eKraeuter,eKraeuter,eKraeuter,eKaro,eKaro,eKaro,eLuchs,eLuchs,ePik,ePik,eSatyr,ePik,ePik,eHirsch,eHirsch,eHerz,eHerz,ePilz,ePilz,eKreuz,eKreuz,eKreuz,eHirsch,eHirsch,ePik,ePik,ePik,eKraeuter,eKraeuter,eKraeuter,eKaro,eKaro,eVogel,eVogel,eHerz,eHerz,eHerz,eLuchs,eLuchs"
					],
					"window_sizes": [3,3,3,3,3],
					"check_sum": "11200-781D-7642-7C47-6717-6F37"
				},
				{
					"mode": "Basis_2_MP",
					"stripes": [
						"ePik,ePik,eSatyr,ePik,ePik,ePik,eKraeuter,eKraeuter,eKraeuter,eKreuz,eKreuz,eScatter,eKreuz,eKreuz,ePilz,ePilz,ePilz,eKaro,eKaro,eKaro,eSatyr,eKaro,eKaro,eKaro,eVogel,eVogel,eHerz,eHerz,eVogel,eVogel,ePik,ePik,eScatter,ePik,ePik,ePik,eLuchs,eLuchs,eHerz,eHerz,eHirsch,eHirsch,eKreuz,eKreuz,eKreuz,ePilz,ePilz,eHerz,eHerz,eKraeuter,eKraeuter,eKaro,eKaro,eScatter,eKaro,eKaro,eLuchs,eLuchs,eHerz,eHerz,eHirsch,eHirsch",
						"eKreuz,eKreuz,eKreuz,ePilz,ePilz,eHerz,eHerz,eScatter,eHerz,eHerz,eLuchs,eLuchs,ePik,ePik,eScatter,ePik,ePik,ePilz,ePilz,eKaro,eKaro,eHirsch,eHirsch,eHerz,eHerz,eSatyr,eHerz,eHerz,ePilz,ePilz,ePik,ePik,eVogel,eVogel,eKreuz,eKreuz,eSatyr,eKreuz,eKreuz,eKreuz,eKraeuter,eKraeuter,eKraeuter,eKaro,eKaro,eScatter,eKaro,eKaro,eDruide,ePik,ePik,eKraeuter,eKraeuter,eKreuz,eKreuz,eVogel,eVogel,eKaro,eKaro,eLuchs,eLuchs",
						"eHerz,eHerz,eDruide,eKaro,eKaro,eKaro,eVogel,eVogel,eKreuz,eKreuz,eScatter,eKreuz,eKreuz,ePilz,ePilz,eKaro,eKaro,eKaro,eSatyr,eKreuz,eKreuz,eKreuz,eKraeuter,eKraeuter,eKraeuter,eHerz,eHerz,eScatter,eHerz,eHerz,eHerz,eLuchs,eLuchs,eKaro,eKaro,eKaro,ePilz,ePilz,ePilz,eKreuz,eKreuz,eVogel,eVogel,ePik,ePik,eSatyr,ePik,ePik,ePik,eHirsch,eHirsch,eHerz,eHerz,eLuchs,eLuchs,ePik,ePik,eScatter,ePik,ePik,eKraeuter,eKraeuter",
						"eKreuz,eKreuz,eDruide,ePik,ePik,eHirsch,eHirsch,eHerz,eHerz,ePilz,ePilz,ePilz,eKaro,eKaro,eScatter,eKaro,eKaro,eKaro,eVogel,eVogel,ePik,ePik,ePilz,ePilz,eKreuz,eKreuz,eSatyr,eKreuz,eKreuz,eLuchs,eLuchs,eHerz,eHerz,eHerz,eKraeuter,eKraeuter,ePik,ePik,eSatyr,ePik,ePik,eLuchs,eLuchs,eKreuz,eKreuz,eKreuz,eKraeuter,eKraeuter,eHerz,eHerz,eScatter,eHerz,eHerz,eKraeuter,eKraeuter,eKaro,eKaro,eKaro,eVogel,eVogel",
						"eHerz,eHerz,eSatyr,eHerz,eHerz,eVogel,eVogel,eKaro,eKaro,eScatter,eKaro,eKaro,ePilz,ePilz,ePilz,eKreuz,eKreuz,eScatter,eKreuz,eKreuz,eKreuz,eKraeuter,eKraeuter,eKraeuter,eKaro,eKaro,eKaro,eLuchs,eLuchs,ePik,ePik,eSatyr,ePik,ePik,eHirsch,eHirsch,eHerz,eHerz,ePilz,ePilz,eKreuz,eKreuz,eKreuz,eHirsch,eHirsch,ePik,ePik,ePik,eKraeuter,eKraeuter,eKraeuter,eKaro,eKaro,eVogel,eVogel,eHerz,eHerz,eHerz,eLuchs,eLuchs"
					],
					"window_sizes": [3,3,3,3,3],
					"check_sum": "21200-7984-7642-7C47-6717-6F37"
				},
				{
					"mode": "Feature_1_MP",
					"stripes": [
						"eHerz,eHerz,eHerz,eKraeuter,eKraeuter,eKraeuter,eKaro,eKaro,eKaro,eVogel,eVogel,eKaro,eKaro,eLuchs,eLuchs,ePik,ePik,eSatyr,eKreuz,eKreuz,eVogel,eVogel,eKreuz,eKreuz,eHirsch,eHirsch,eHerz,eHerz,eHerz,ePilz,ePilz,ePilz,eHerz,eHerz,eHerz,eLuchs,eLuchs,eKaro,eKaro,eSatyr,eKreuz,eKreuz,eKaro,eKaro,eScatter,ePik,ePik,eHirsch,eHirsch,eKreuz,eKreuz,eKreuz,eKraeuter,eKraeuter,ePik,ePik,ePilz,ePilz,ePik,ePik,ePik",
						"eVogel,eSatyr,ePik,ePik,ePilz,ePilz,eHerz,eHerz,eLuchs,eLuchs,eKreuz,eKreuz,eDruide,eKreuz,eKreuz,eKraeuter,eKraeuter,ePik,ePik,eScatter,ePik,ePik,eLuchs,eLuchs,eKaro,eKaro,eKaro,eSatyr,eKaro,eKaro,eVogel,eDruide,eHerz,eHerz,eHirsch,eHirsch,eKaro,eKraeuter,eKraeuter,eKraeuter,eKreuz,eKreuz,eKreuz,eHerz,eHerz,ePilz,ePilz,eKaro,eKaro,eVogel,eVogel,ePik,ePik,eSatyr,ePik,ePik,ePilz,ePilz,eHerz,eHerz,eScatter,eKreuz,eKreuz,eLuchs,eLuchs,eHerz,eHerz",
						"ePilz,ePilz,eKreuz,eKreuz,eDruide,eHerz,eHerz,eVogel,eVogel,ePik,ePik,eKraeuter,eKraeuter,eHerz,eHerz,eHerz,eScatter,ePik,ePik,eKraeuter,eKraeuter,eKaro,eKaro,eKaro,eSatyr,eHerz,eHerz,eLuchs,eLuchs,eDruide,eKreuz,eHirsch,eHirsch,eKreuz,eKreuz,eDruide,eKaro,eKaro,eKaro,eVogel,eVogel,eVogel,ePik,ePik,eSatyr,eHerz,eHerz,eHerz,ePilz,ePilz,eKreuz,eKreuz,eKreuz,ePilz,ePilz,eKaro,eKaro,eLuchs,eLuchs,ePik,ePik,ePik",
						"eKraeuter,eKraeuter,eKreuz,eKreuz,eDruide,eKreuz,eKreuz,eLuchs,eLuchs,eKaro,eKaro,ePilz,ePilz,eHerz,eHerz,eScatter,eHerz,eHerz,eLuchs,eLuchs,eKreuz,eKreuz,eHirsch,eHirsch,ePik,ePik,eVogel,eVogel,eVogel,ePik,ePik,ePik,eDruide,eKaro,eKaro,eKaro,eKraeuter,eKraeuter,eHerz,eHerz,eSatyr,eHerz,eHerz,eVogel,eVogel,eKreuz,eKreuz,ePilz,ePilz,ePilz,eKaro,eKaro,eKaro,eSatyr,ePik,ePik,ePik,eLuchs,eLuchs,ePik,ePik,eHirsch,eHirsch,eKaro,eKaro,eKaro,eKraeuter,eKraeuter,eKreuz,eKreuz",
						"eHerz,eHerz,eSatyr,eKreuz,eKreuz,ePilz,ePilz,eHerz,eHerz,eScatter,eKreuz,eKreuz,eKraeuter,eKraeuter,eKreuz,eKreuz,eLuchs,eLuchs,eHerz,eHerz,eKraeuter,eKraeuter,ePik,ePik,ePik,ePilz,ePilz,eKaro,eKaro,eKaro,eSatyr,eKaro,eKaro,eKraeuter,eKraeuter,eKreuz,eKreuz,eVogel,eVogel,eKaro,eKaro,eLuchs,eLuchs,ePik,ePik,ePik,eHirsch,eHirsch,ePik,ePik,ePilz,ePilz,eKaro,eKaro,eKaro,eVogel,eVogel,eHerz,eHerz,eHerz,eHirsch,eHirsch"
					],
					"window_sizes": [3,3,3,3,3],
					"check_sum": "17202-6FB6-8DD8-7610-9459-70FC"
				},
				{
					"mode": "Feature_2_MP",
					"stripes": [
						"ePilz,ePilz,eHerz,eHerz,ePilz,ePilz,eKaro,eKaro,eVogel,eVogel,eKaro,eKaro,eLuchs,eLuchs,ePik,ePik,eKaro,eKaro,eSatyr,eKreuz,eKreuz,eVogel,eVogel,eKreuz,eKreuz,eHirsch,eHirsch,eHerz,eHerz,eHerz,ePilz,ePilz,ePik,ePik,ePilz,ePilz,eHerz,eHerz,eHerz,eLuchs,eLuchs,eKaro,eKaro,eSatyr,eKaro,eKaro,eScatter,ePik,ePik,eHirsch,eHirsch,eKreuz,eKreuz,ePilz,ePilz,eKreuz,eKreuz,ePilz,ePilz,ePik,eSatyr,ePilz,ePilz,ePik,ePik",
						"ePilz,ePilz,eHerz,eHerz,ePilz,ePilz,ePik,ePik,eHerz,eHerz,eDruide,eHerz,eHerz,eLuchs,eLuchs,eKaro,eKaro,eSatyr,eKreuz,eKreuz,ePilz,ePilz,eKaro,eKaro,eScatter,ePik,ePik,ePik,eLuchs,eLuchs,eKaro,eKaro,eKaro,ePik,ePik,eVogel,eVogel,eHerz,eHerz,eHirsch,eHirsch,eKaro,eKaro,ePilz,ePilz,eKreuz,eKreuz,ePilz,ePilz,eKreuz,eKreuz,eDruide,eHerz,eHerz,ePilz,ePilz,eKaro,eKaro,eVogel,eVogel,eVogel,ePik,ePik,ePik,eSatyr,ePik,ePik,ePilz,ePilz,eHerz,eHerz,eScatter,eKreuz,eLuchs,eLuchs",
						"ePilz,ePilz,eHerz,eHerz,eDruide,eHerz,eHerz,eVogel,eVogel,ePik,ePik,ePilz,ePilz,eKreuz,eKreuz,eKreuz,ePilz,ePilz,ePik,ePik,ePik,eScatter,ePik,ePik,ePilz,ePilz,eKaro,eKaro,eKaro,eSatyr,eHerz,eHerz,eLuchs,eLuchs,eKreuz,eKreuz,eKreuz,eScatter,eKaro,eKaro,eHirsch,eHirsch,eKreuz,eKreuz,eKaro,eKaro,eKaro,eVogel,eVogel,eHerz,eHerz,eVogel,eVogel,ePik,ePik,eSatyr,eHerz,eHerz,ePik,ePik,ePik,eDruide,ePilz,ePilz,eKreuz,eKreuz,eDruide,eKaro,eKaro,eLuchs,eLuchs,eHerz,eHerz,ePilz,ePilz,eKaro,eKaro",
						"eKreuz,eKreuz,ePilz,ePilz,eKreuz,eKreuz,eKreuz,eDruide,eKreuz,eKreuz,eLuchs,eLuchs,eLuchs,eKaro,eKaro,ePilz,ePilz,eHerz,eHerz,ePilz,ePilz,eHerz,eHerz,eScatter,eHerz,eHerz,eHirsch,eHirsch,ePik,ePik,eKreuz,eKreuz,eVogel,eVogel,ePik,ePik,eKaro,eKaro,ePilz,ePilz,eHerz,eHerz,eSatyr,eHerz,eHerz,eVogel,eVogel,eKreuz,eKreuz,eKreuz,ePilz,ePilz,ePilz,eKaro,eKaro,eKaro,eSatyr,ePik,ePik,eScatter,eLuchs,eLuchs,eLuchs,ePik,ePik,eHirsch,eHirsch,eKaro,eKaro,eKaro,ePilz,ePilz",
						"eHerz,eHerz,eHerz,eSatyr,eHerz,eHerz,ePilz,ePilz,eKreuz,eKreuz,ePilz,ePilz,ePilz,eKreuz,eKreuz,eScatter,eKreuz,eKreuz,eKreuz,eLuchs,eLuchs,eHerz,eHerz,ePilz,ePilz,ePilz,ePik,ePik,ePik,ePilz,ePilz,eKaro,eKaro,eKaro,eSatyr,eKaro,eKaro,ePilz,ePilz,eKreuz,eKreuz,eVogel,eVogel,ePik,ePik,eLuchs,eLuchs,ePik,ePik,ePik,eHirsch,eHirsch,eKaro,eKaro,ePilz,ePilz,eKaro,eKaro,eVogel,eVogel,eHerz,eHerz,eHerz,eHirsch,eHirsch"
					],
					"window_sizes": [3,3,3,3,3],
					"check_sum": "55725-8D60-C0D4-BA28-AB5D-8384"
				},
				{
					"mode": "Feature_3_MP",
					"stripes": [
						"eHerz,eHerz,eHerz,eVogel,eVogel,eKaro,eKaro,eKaro,eVogel,eVogel,eVogel,eKaro,eKaro,eLuchs,eLuchs,ePik,ePik,eSatyr,eKreuz,eKreuz,eVogel,eVogel,eKreuz,eKreuz,eKreuz,eHirsch,eHirsch,eHerz,eHerz,eVogel,eVogel,eVogel,eHerz,eHerz,eHerz,eVogel,eVogel,eHerz,eLuchs,eLuchs,eKaro,eKaro,eSatyr,eKaro,eKaro,eScatter,ePik,ePik,eHirsch,eHirsch,eKreuz,eKreuz,eKreuz,eVogel,eVogel,eVogel,ePik,ePik,eSatyr,eVogel,ePik,ePik,ePik",
						"eKaro,eKaro,eVogel,eVogel,eHerz,eHerz,eHerz,eLuchs,eLuchs,eKreuz,eKreuz,eScatter,eKreuz,eKreuz,eVogel,eVogel,ePik,ePik,eScatter,ePik,ePik,eLuchs,eLuchs,eKaro,eKaro,eKaro,eSatyr,eKaro,eKaro,eVogel,eVogel,ePik,ePik,ePik,eVogel,eVogel,eHerz,eHerz,eHerz,eHirsch,eHirsch,eKaro,eKaro,eVogel,eVogel,eKreuz,eKreuz,eKreuz,eKreuz,eDruide,eHerz,eHerz,eHerz,eVogel,eVogel,eKaro,eKaro,eVogel,eVogel,ePik,ePik,ePik,eSatyr,ePik,ePik,eVogel,eVogel,eHerz,eHerz,eHerz,eDruide,eKreuz,eKreuz,eKreuz,eLuchs,eLuchs",
						"eVogel,eVogel,eKaro,eScatter,eVogel,eVogel,eHerz,eHerz,eDruide,eHerz,eHerz,eHerz,eVogel,eVogel,ePik,ePik,eVogel,eVogel,eKreuz,eKreuz,eVogel,eVogel,eKreuz,eKreuz,ePik,ePik,eVogel,eVogel,eKaro,eKaro,eScatter,eKaro,eKaro,eSatyr,eHerz,eHerz,eLuchs,eLuchs,eKreuz,eKreuz,eHirsch,eHirsch,eHerz,eHerz,eKreuz,eKreuz,eVogel,eVogel,eKaro,eKaro,eKaro,eVogel,eVogel,ePik,ePik,eSatyr,ePik,ePik,eVogel,eVogel,eKreuz,eKreuz,eKreuz,eVogel,eVogel,eKaro,eKaro,eLuchs,eLuchs,eHerz,eHerz,eHerz",
						"eVogel,eVogel,eKreuz,eKreuz,eKreuz,eVogel,eVogel,eKreuz,eKreuz,eLuchs,eLuchs,eLuchs,eKaro,eKaro,eVogel,eVogel,eHerz,eHerz,eHerz,eScatter,eHerz,eHerz,eHirsch,eHirsch,ePik,ePik,eVogel,eVogel,eKreuz,eKreuz,eKreuz,eVogel,eVogel,ePik,ePik,ePik,eDruide,eKaro,eKaro,eKaro,eVogel,eVogel,eHerz,eSatyr,eHerz,eHerz,eVogel,eVogel,eKreuz,eKreuz,eKreuz,eVogel,eVogel,eVogel,eKaro,eKaro,eKaro,eSatyr,ePik,ePik,ePik,eLuchs,eLuchs,eLuchs,ePik,ePik,ePik,eHirsch,eHirsch,eKaro,eKaro,eKaro,eVogel,eVogel",
						"eVogel,eVogel,eVogel,eHerz,eHerz,eSatyr,eHerz,eHerz,eVogel,eVogel,eKreuz,eKreuz,eScatter,eKreuz,eKreuz,eLuchs,eLuchs,eHerz,eHerz,eVogel,eVogel,eVogel,ePik,ePik,ePik,eVogel,eVogel,eKaro,eKaro,eKaro,eSatyr,eKaro,eKaro,eVogel,eVogel,eVogel,eKreuz,eKreuz,eVogel,eVogel,ePik,ePik,eLuchs,eLuchs,ePik,ePik,ePik,eHirsch,eHirsch,eKaro,eKaro,eVogel,eVogel,eKaro,eKaro,eVogel,eVogel,eHerz,eHerz,eHerz,eHirsch,eHirsch,eKreuz,eKreuz"
					],
					"window_sizes": [3,3,3,3,3],
					"check_sum": "36244-88F1-C399-A296-B732-8409"
				},
				{
					"mode": "Feature_4_MP",
					"stripes": [
						"eLuchs,eLuchs,eHerz,eHerz,eLuchs,eLuchs,eLuchs,eKaro,eKaro,eKaro,eLuchs,eLuchs,eKaro,eKaro,eLuchs,eLuchs,ePik,ePik,eSatyr,eKreuz,eKreuz,eLuchs,eLuchs,eKreuz,eKreuz,eHirsch,eHirsch,eHerz,eHerz,eHerz,eLuchs,eLuchs,eLuchs,eHerz,eHerz,eHerz,eLuchs,eLuchs,eKaro,eKaro,eSatyr,eKaro,eKaro,eScatter,ePik,ePik,eHirsch,eHirsch,eKreuz,eKreuz,eKreuz,eLuchs,eLuchs,eLuchs,ePik,ePik,eLuchs,eLuchs,ePik,ePik,ePik",
						"eLuchs,eLuchs,eHerz,eHerz,eHerz,eLuchs,eLuchs,eKreuz,eKreuz,eKreuz,eDruide,eKreuz,eKreuz,eLuchs,eLuchs,ePik,ePik,eScatter,ePik,ePik,ePik,eLuchs,eLuchs,eKaro,eKaro,eKaro,eSatyr,eKaro,eKaro,eLuchs,eLuchs,eHerz,eHerz,eHerz,eLuchs,eLuchs,eHerz,eHerz,eHerz,eHirsch,eHirsch,eKaro,eKaro,eKaro,eLuchs,eLuchs,eKreuz,eKreuz,eKreuz,eHerz,eHerz,eLuchs,eLuchs,eKaro,eKaro,eLuchs,eLuchs,eLuchs,ePik,ePik,eSatyr,ePik,ePik,ePik,eLuchs,eLuchs,eHerz,eHerz,eKreuz,eKreuz,eKreuz,eLuchs,eLuchs",
						"eKaro,eKaro,eLuchs,eLuchs,eHerz,eHerz,eDruide,eHerz,eHerz,eLuchs,eLuchs,eHerz,eHerz,eLuchs,eLuchs,ePik,ePik,ePik,eLuchs,eLuchs,eKreuz,eKreuz,eKreuz,eScatter,ePik,ePik,eLuchs,eLuchs,eLuchs,eKaro,eKaro,eKaro,eSatyr,eHerz,eHerz,eLuchs,eLuchs,eKreuz,eKreuz,eKreuz,eScatter,eHirsch,eHirsch,eKreuz,eKreuz,eLuchs,eLuchs,eKaro,eKaro,eKaro,eLuchs,eLuchs,eLuchs,ePik,ePik,eSatyr,ePik,ePik,ePik,eLuchs,eLuchs,eLuchs,eKreuz,eKreuz,eKreuz,eDruide,eKaro,eKaro,eLuchs,eLuchs,eHerz,eHerz",
						"eLuchs,eLuchs,eKreuz,eKreuz,eKreuz,eLuchs,eLuchs,eKreuz,eKreuz,eLuchs,eLuchs,eLuchs,eKaro,eKaro,eLuchs,eLuchs,eHerz,eHerz,eHerz,eScatter,eHerz,eHerz,eHirsch,eHirsch,ePik,ePik,eLuchs,eLuchs,ePik,ePik,ePik,eDruide,eKaro,eKaro,eKaro,eLuchs,eLuchs,eHerz,eSatyr,eHerz,eHerz,eLuchs,eLuchs,eKreuz,eKreuz,eLuchs,eLuchs,eKreuz,eKreuz,eKreuz,eKreuz,eLuchs,eLuchs,eLuchs,eKaro,eKaro,eKaro,eSatyr,ePik,ePik,ePik,eLuchs,eLuchs,eLuchs,ePik,ePik,ePik,eHirsch,eHirsch,eKaro,eKaro,eKaro,eLuchs,eLuchs",
						"eLuchs,eLuchs,eLuchs,eHerz,eHerz,eSatyr,eHerz,eHerz,eLuchs,eLuchs,eKreuz,eKreuz,eKreuz,eScatter,eKreuz,eKreuz,eLuchs,eLuchs,eHerz,eHerz,eLuchs,eLuchs,eLuchs,ePik,ePik,ePik,eLuchs,eLuchs,eKaro,eKaro,eKaro,eSatyr,eKaro,eKaro,eLuchs,eLuchs,eLuchs,eKreuz,eKreuz,eKreuz,eLuchs,eLuchs,ePik,ePik,eLuchs,eLuchs,ePik,ePik,ePik,eHirsch,eHirsch,eKaro,eKaro,eLuchs,eLuchs,eKaro,eKaro,eLuchs,eLuchs,eHerz,eHerz,eHerz,eHirsch,eHirsch"
					],
					"window_sizes": [3,3,3,3,3],
					"check_sum": "13244-825D-B1AB-BEE0-C348-8E87"
				},
				{
					"mode": "Feature_5_MP",
					"stripes": [
						"eHirsch,eHirsch,eHerz,eHerz,eHirsch,eHirsch,eHirsch,eKaro,eKaro,eKaro,eHirsch,eHirsch,eKaro,eKaro,eHirsch,eHirsch,ePik,ePik,eSatyr,eKreuz,eKreuz,eHirsch,eHirsch,eKreuz,eKreuz,eHirsch,eHirsch,eHerz,eHerz,eHerz,eHirsch,eHirsch,eHirsch,eHerz,eHerz,eHerz,eHirsch,eHirsch,eKaro,eKaro,eSatyr,eKaro,eKaro,eScatter,ePik,ePik,eHirsch,eHirsch,eKreuz,eKreuz,eKreuz,eHirsch,eHirsch,eHirsch,ePik,ePik,eHirsch,eHirsch,ePik,ePik,ePik",
						"eHirsch,eHirsch,eHerz,eHerz,eHerz,eHirsch,eHirsch,eKreuz,eKreuz,eHirsch,eHirsch,eKreuz,eKreuz,eHirsch,eHirsch,ePik,ePik,eScatter,ePik,ePik,eHirsch,eHirsch,eKaro,eKaro,eKaro,eKaro,eSatyr,eKaro,eKaro,eHirsch,eHirsch,eHerz,eHerz,eHerz,eHirsch,eHirsch,eKaro,eKaro,eKaro,eHirsch,eHirsch,eKreuz,eKreuz,eHirsch,eHirsch,eKreuz,eKreuz,eDruide,eHerz,eHerz,eHerz,eHirsch,eHirsch,eKaro,eKaro,eHirsch,eHirsch,ePik,ePik,ePik,eSatyr,ePik,ePik,eHirsch,eHirsch,eHerz,eHerz,eHerz,eHerz,eHirsch,eHirsch,eKreuz,eKreuz,eKreuz,eHirsch,eHirsch,ePik,ePik",
						"eKaro,eKaro,eHirsch,eHirsch,eHerz,eHerz,eHerz,eHerz,eHerz,eHirsch,eHirsch,ePik,ePik,eHirsch,eHirsch,eKreuz,eKreuz,eKreuz,eScatter,ePik,ePik,eHirsch,eHirsch,eKaro,eKaro,eKaro,eSatyr,eHerz,eHerz,eHirsch,eHirsch,eKreuz,eKreuz,eHirsch,eHirsch,eKreuz,eKreuz,eHirsch,eHirsch,eKaro,eKaro,eHirsch,eHirsch,eHirsch,ePik,ePik,ePik,eSatyr,ePik,ePik,ePik,eHirsch,eHirsch,eHirsch,eKreuz,eKreuz,eKreuz,eHirsch,eHirsch,eKaro,eKaro,eDruide,eKaro,eKaro,eHirsch,eHirsch,eHerz,eHerz,eHerz",
						"eHirsch,eHirsch,eKreuz,eKreuz,eKreuz,eDruide,eKreuz,eKreuz,eHirsch,eHirsch,eKaro,eKaro,eHirsch,eHirsch,eHerz,eHerz,eHerz,eScatter,eHerz,eHerz,eHirsch,eHirsch,ePik,ePik,ePik,eHirsch,eHirsch,eHirsch,ePik,ePik,ePik,eHirsch,eHirsch,eKaro,eKaro,eKaro,eHirsch,eHirsch,eHerz,eSatyr,eHerz,eHerz,eHirsch,eHirsch,eKreuz,eKreuz,eKreuz,eHirsch,eHirsch,eKreuz,eKreuz,eKreuz,eHirsch,eHirsch,eKaro,eKaro,eKaro,eSatyr,ePik,ePik,ePik,eHirsch,eHirsch,ePik,ePik,eHirsch,eHirsch,eKaro,eKaro,eKaro,eHirsch,eHirsch",
						"eHirsch,eHirsch,eHerz,eHerz,eSatyr,eHerz,eHerz,eHirsch,eHirsch,eKreuz,eKreuz,eKreuz,eScatter,eKreuz,eKreuz,eHirsch,eHirsch,eHerz,eHerz,eHirsch,eHirsch,eHirsch,ePik,ePik,ePik,eHirsch,eHirsch,eKaro,eKaro,eKaro,eSatyr,eKaro,eKaro,eHirsch,eHirsch,eHirsch,eKreuz,eKreuz,eKreuz,eHirsch,eHirsch,ePik,ePik,eHirsch,eHirsch,ePik,ePik,ePik,eHirsch,eHirsch,eKaro,eKaro,eHirsch,eHirsch,eKaro,eKaro,eHirsch,eHirsch,eHerz,eHerz,eHerz,eHirsch,eHirsch"
					],
					"window_sizes": [3,3,3,3,3],
					"check_sum": "18923-8B97-E149-AFEF-C200-94B9"
				},
				{
					"mode": "Feature_6_MP",
					"stripes": [
						"eHerz,eHerz,eHerz,eSatyr,eSatyr,eKaro,eKaro,eKaro,eSatyr,eSatyr,eKaro,eKaro,ePik,ePik,eKreuz,eKreuz,eKreuz,eSatyr,eSatyr,eKreuz,eKreuz,eKreuz,eSatyr,eSatyr,eHerz,eHerz,eHerz,eSatyr,eSatyr,eHerz,eHerz,eHerz,eSatyr,eSatyr,eKaro,eKaro,eSatyr,eSatyr,eKaro,eKaro,eScatter,ePik,ePik,eSatyr,eSatyr,eKreuz,eKreuz,eKreuz,eSatyr,eSatyr,ePik,ePik,eSatyr,eSatyr,ePik,ePik,ePik",
						"eSatyr,eSatyr,eHerz,eHerz,eHerz,eKreuz,eKreuz,eSatyr,eSatyr,ePik,ePik,ePik,eKreuz,eKreuz,eSatyr,eSatyr,ePik,ePik,eScatter,ePik,ePik,eKaro,eKaro,eKaro,eKaro,eKaro,eSatyr,eSatyr,eHerz,eHerz,eHerz,eSatyr,eSatyr,eKreuz,eKreuz,eKreuz,eHerz,eHerz,eSatyr,eSatyr,eHerz,eHerz,eSatyr,eSatyr,eKaro,eKaro,eKaro,eSatyr,eSatyr,ePik,ePik,ePik,eSatyr,eSatyr,ePik,ePik,eSatyr,eSatyr,eHerz,eHerz,eHerz,eHerz,eDruide,eKreuz,eKreuz,eKreuz,eKreuz,eSatyr,eSatyr",
						"eSatyr,eSatyr,eHerz,eHerz,eHerz,eKaro,eKaro,eSatyr,eSatyr,eHerz,eHerz,ePik,ePik,eSatyr,eSatyr,eKreuz,eKreuz,eKreuz,eScatter,ePik,ePik,eSatyr,eSatyr,eKaro,eKaro,eKaro,eHerz,eHerz,eSatyr,eSatyr,eKreuz,eKreuz,eSatyr,eSatyr,eKreuz,eKreuz,ePik,ePik,eKaro,eKaro,eKaro,eSatyr,eSatyr,eHerz,ePik,ePik,eSatyr,eSatyr,ePik,ePik,ePik,eSatyr,eSatyr,eKreuz,eKreuz,eKreuz,eKreuz,eDruide,eKaro,eKaro,eHerz,eHerz,eHerz",
						"eSatyr,eSatyr,eKreuz,eKreuz,eKreuz,eSatyr,eSatyr,eKreuz,eKreuz,eKreuz,eSatyr,eSatyr,eKaro,eKaro,eKaro,eSatyr,eSatyr,eHerz,eHerz,eHerz,eScatter,eHerz,eHerz,ePik,ePik,eSatyr,eSatyr,ePik,ePik,ePik,ePik,eDruide,eKaro,eKaro,eKaro,eSatyr,eSatyr,eHerz,eHerz,eHerz,eSatyr,eSatyr,eKreuz,eKreuz,eKreuz,eSatyr,eSatyr,eKreuz,eKreuz,eKreuz,eSatyr,eSatyr,eKaro,eKaro,eKaro,ePik,ePik,ePik,eSatyr,eSatyr,ePik,ePik,eSatyr,eSatyr,eKaro,eKaro,eKaro,eSatyr",
						"eHerz,eHerz,eSatyr,eSatyr,eHerz,eHerz,eKreuz,eKreuz,eKreuz,eScatter,eKreuz,eKreuz,eHerz,eHerz,eSatyr,eSatyr,ePik,ePik,ePik,eSatyr,eSatyr,eKaro,eKaro,eKaro,eSatyr,eKaro,eKaro,eSatyr,eSatyr,eKreuz,eKreuz,eKreuz,eSatyr,eSatyr,ePik,ePik,eSatyr,eSatyr,ePik,ePik,ePik,ePik,eSatyr,eSatyr,eKaro,eKaro,eKaro,eKaro,eHerz,eHerz,eHerz,eSatyr,eSatyr"
					],
					"window_sizes": [3,3,3,3,3],
					"check_sum": "79383-7B8F-B5AB-7E4E-A5ED-5AB5"
				}
			]
		}
	}
}
