{
  "game_spec": {
    "name": "Magic-Book",
    "version": "1.0",
    "reels": {
      "reel_rows_num": 3,
      "symbol_enum": "eKing,eQueen,eAce,eTen,eBook,eSaid",
      "reel_sets": [
        {
          "mode": "Base",
          "stripes": [
            "eKing,eQueen,eTen,eSaid,eSaid,eBook,eAce",
            "eBook,eBook,eAce,eSaid,eSaid,eSaid,eQueen,eTen",
            "eKing,eQueen,eTen,eSaid,eSaid,eBook,eAce",
            "eBook,eBook,eAce,eSaid,eSaid,eSaid,eQueen,eTen",
            "eBook,eBook,eAce,eSaid,eSaid,eSaid,eQueen,eTen"
          ]
        },
        {
          "mode": "Base",
          "stripes": [
            "eKing,eQueen,eAce,eSaid,eSaid,eBook,eAce",
            "eBook,eBook,eTen,eAce,eSaid,eSaid,eSaid,eQueen,eTen",
            "eKing,eQueen,eSaid,eSaid,eSaid,eBook,eAce",
            "eBook,eBook,eSaid,eSaid,eSaid,eSaid,eQueen,eTen",
            "eBook,eBook,eQueen,eQueen,eSaid,eSaid,eSaid,eQueen,eTen"
          ]
        },
        {
          "mode": "Free",
          "stripes": [
            "eKing,eQueen,eTen,eSaid,eSaid,eBook,eAce",
            "eBook,eBook,eAce,eSaid,eSaid,eSaid,eQueen,eTen",
            "eKing,eQueen,eTen,eSaid,eSaid,eBook,eAce",
            "eBook,eBook,eAce,eSaid,eSaid,eSaid,eQueen,eTen",
            "eBook,eBook,eAce,eSaid,eSaid,eSaid,eQueen,eTen"
          ]
        },
        {
          "mode": "Free",
          "stripes": [
            "eKing,eQueen,eAce,eSaid,eSaid,eBook,eAce",
            "eBook,eBook,eTen,eAce,eSaid,eSaid,eSaid,eQueen,eTen",
            "eKing,eQueen,eSaid,eSaid,eSaid,eBook,eAce",
            "eBook,eBook,eSaid,eSaid,eSaid,eSaid,eQueen,eTen",
            "eBook,eBook,eQueen,eQueen,eSaid,eSaid,eSaid,eQueen,eTen"
          ]
        }
      ]
    }
  }
}